{"accuracy": [0.7737500071525574, 0.8568750023841858, 0.878125011920929, 0.8643749952316284, 0.8764186501502991, 0.8668749928474426, 0.8712499737739563, 0.8824999928474426, 0.8830128312110901, 0.8962500095367432], "loss": [0.6495571732521057, 0.4453538656234741, 0.3746180236339569, 0.410815954208374, 0.38711562752723694, 0.38601863384246826, 0.43671366572380066, 0.33785831928253174, 0.3188982307910919, 0.3160330057144165], "val_accuracy": [0.8475000262260437, 0.8550000190734863, 0.8537499904632568, 0.8766666650772095, 0.887499988079071, 0.8587499856948853, 0.8675000071525574, 0.8999999761581421, 0.8399999737739563, 0.8462499976158142], "val_loss": [0.4016544222831726, 0.4289514422416687, 0.40816977620124817, 0.38784849643707275, 0.37556561827659607, 0.38218045234680176, 0.37876471877098083, 0.35507750511169434, 0.5139541625976562, 0.519523561000824]}